{
  "schema_validation": {
    "expected_rows": 75000,
    "actual_rows": 75000,
    "expected_cols": 24,
    "actual_cols": 25,
    "schema_match": false
  },
  "data_quality": {},
  "score_distributions": {
    "tox_score_base": {
      "mean": 0.20748516134394876,
      "median": 0.014386649243533611,
      "std": 0.3288542945422473,
      "min": 0.00027024123119190335,
      "max": 0.9989769458770752,
      "toxic_rate": 0.18937333333333334
    },
    "tox_score_aligned": {
      "mean": 0.18247887561660067,
      "median": 0.009477043524384499,
      "std": 0.30977624173905105,
      "min": 0.0002711794513743371,
      "max": 0.998985230922699,
      "toxic_rate": 0.17113333333333333
    }
  },
  "warnings": [],
  "errors": [
    "Shape mismatch: expected (75000, 24), got (75000, 25)",
    "ratio_base out of range [0,1]: min=0.0000, max=2.6522",
    "ratio_aligned out of range [0,1]: min=0.0000, max=2.6471"
  ]
}