family,family_label,n_validation,detoxify_p_value,detoxify_significant,detoxify_arr,detoxify_cell_b,detoxify_cell_c,openai_p_value,openai_significant,openai_arr,openai_cell_b,openai_cell_c,agreement_base,agreement_aligned,agreement_overall,pearson_cor_base,pearson_cor_aligned,pearson_cor_avg,kappa_base,kappa_base_interp,kappa_aligned,kappa_aligned_interp,conclusion_concordance,direction_concordance
qwen3,Qwen 3 (8B),5000,1.5445061082293743e-35,TRUE,0.0658,525,196,1.9567240024015658e-40,TRUE,0.0714,551,194,0.9836,0.9864,0.9850000000000001,0.9820579079345729,0.9722673864332637,0.9771626471839183,0.9461111860297062,Almost Perfect,0.9349494442386639,Almost Perfect,TRUE,TRUE
llama31,Llama 3.1 (8B),5000,0.00844685216251118,TRUE,0.0134,348,281,0.0173392696931014,TRUE,0.0124,360,298,0.98740000000000006,0.9848,0.9861,0.9823133132128025,0.9814095048167024,0.9818614090147524,0.9587138648016694,Almost Perfect,0.94735936569698,Almost Perfect,TRUE,TRUE
mistral,Mistral (7B),5000,0.7501534139700223,FALSE,-0.0018,311,320,0.7509152544820661,FALSE,-0.0018,313,322,0.985,0.985,0.985,0.9827968597685239,0.9840645018486116,0.9834306808085678,0.9521286781132315,Almost Perfect,0.9524614088055161,Almost Perfect,TRUE,TRUE
